run_index,seed,n_players_per_group,elapsed_seconds,vo_vi_n_unique,vo_vi_unique_ratio,vo_vi_pct_sharing,vo_vi_max_cluster,tinh_cam_n_unique,tinh_cam_unique_ratio,tinh_cam_pct_sharing,tinh_cam_max_cluster
0,0,5000000,26.274,4592988,0.9185976,15.8277,5,3549040,0.709808,46.10278,41
1,1,5000000,24.798,4591663,0.9183326,15.8765,5,3549665,0.709933,46.08364,34
2,2,5000000,28.387,4592043,0.9184086,15.86574,5,3550497,0.7100994,46.0741,40
3,3,5000000,25.06,4593257,0.9186514,15.8171,6,3548540,0.709708,46.094,43
4,4,5000000,23.81,4592173,0.9184346,15.85828,6,3550702,0.7101404,46.05464,38
5,5,5000000,23.862,4592283,0.9184566,15.85156,5,3549199,0.7098398,46.09894,38
6,6,5000000,23.827,4592680,0.918536,15.84014,5,3550475,0.710095,46.07322,39
7,7,5000000,23.713,4593135,0.918627,15.82322,6,3550157,0.7100314,46.08758,39
8,8,5000000,23.963,4591822,0.9183644,15.87156,5,3549409,0.7098818,46.103,37
9,9,5000000,24.176,4592470,0.918494,15.84448,5,3549911,0.7099822,46.09414,45
10,10,5000000,23.747,4592357,0.9184714,15.8493,6,3549501,0.7099002,46.09156,44
11,11,5000000,23.862,4592515,0.918503,15.8457,6,3550284,0.7100568,46.0648,37
12,12,5000000,23.91,4592119,0.9184238,15.85386,6,3550366,0.7100732,46.08294,39
13,13,5000000,23.799,4592764,0.9185528,15.83396,6,3550288,0.7100576,46.06924,39
14,14,5000000,23.784,4592350,0.91847,15.84786,5,3549527,0.7099054,46.10126,37
15,15,5000000,23.863,4593759,0.9187518,15.79254,5,3550763,0.7101526,46.0624,37
16,16,5000000,24.054,4593065,0.918613,15.82484,6,3549795,0.709959,46.0774,36
17,17,5000000,24.804,4592905,0.918581,15.8263,6,3549936,0.7099872,46.06352,38
18,18,5000000,24.557,4592233,0.9184466,15.85186,6,3548293,0.7096586,46.11036,42
19,19,5000000,24.863,4593307,0.9186614,15.81134,6,3549624,0.7099248,46.09934,40
20,20,5000000,25.145,4592033,0.9184066,15.8586,5,3550021,0.7100042,46.08416,38
21,21,5000000,24.603,4593040,0.918608,15.82114,5,3551588,0.7103176,46.03926,39
22,22,5000000,23.99,4592314,0.9184628,15.85018,6,3549439,0.7098878,46.09352,37
23,23,5000000,24.879,4592656,0.9185312,15.8464,6,3549786,0.7099572,46.09038,38
24,24,5000000,23.866,4592202,0.9184404,15.85812,6,3549714,0.7099428,46.0889,38
25,25,5000000,23.815,4593228,0.9186456,15.81852,5,3548851,0.7097702,46.12132,45
26,26,5000000,23.951,4592384,0.9184768,15.85262,6,3548064,0.7096128,46.13884,37
27,27,5000000,26.705,4592590,0.918518,15.8439,5,3548976,0.7097952,46.11104,41
28,28,5000000,27.1,4592819,0.9185638,15.83442,5,3548646,0.7097292,46.11208,38
29,29,5000000,27.254,4593094,0.9186188,15.81894,6,3548042,0.7096084,46.15546,41
30,30,5000000,26.782,4592880,0.918576,15.82692,6,3549612,0.7099224,46.09956,34
31,31,5000000,26.028,4593490,0.918698,15.80426,5,3549919,0.7099838,46.0837,36
32,32,5000000,26.566,4591835,0.918367,15.87016,5,3548789,0.7097578,46.11772,39
33,33,5000000,27.171,4592708,0.9185416,15.83834,6,3550565,0.710113,46.05698,38
34,34,5000000,26.378,4592950,0.91859,15.82672,6,3550778,0.7101556,46.05298,39
35,35,5000000,26.004,4592747,0.9185494,15.83834,6,3549615,0.709923,46.08712,40
36,36,5000000,25.042,4592654,0.9185308,15.83548,6,3548519,0.7097038,46.12206,35
37,37,5000000,23.928,4592155,0.918431,15.85876,6,3549688,0.7099376,46.09196,40
38,38,5000000,23.847,4593434,0.9186868,15.81074,6,3550536,0.7101072,46.0675,39
39,39,5000000,23.784,4592631,0.9185262,15.84282,5,3549518,0.7099036,46.12108,39
40,40,5000000,23.839,4592769,0.9185538,15.83156,6,3548151,0.7096302,46.12922,38
41,41,5000000,23.714,4591959,0.9183918,15.86966,6,3549559,0.7099118,46.08842,43
42,42,5000000,23.845,4592360,0.918472,15.84738,5,3550370,0.710074,46.07176,38
43,43,5000000,23.903,4592804,0.9185608,15.82792,6,3549574,0.7099148,46.0802,35
44,44,5000000,23.726,4592067,0.9184134,15.8635,6,3551746,0.7103492,46.05578,37
45,45,5000000,23.899,4592684,0.9185368,15.83456,5,3549296,0.7098592,46.09698,37
46,46,5000000,23.876,4592361,0.9184722,15.84682,5,3551097,0.7102194,46.04618,38
47,47,5000000,23.85,4593006,0.9186012,15.82784,6,3549049,0.7098098,46.10658,37
48,48,5000000,23.782,4592918,0.9185836,15.83548,5,3549344,0.7098688,46.09868,36
49,49,5000000,23.738,4592293,0.9184586,15.85448,6,3551075,0.710215,46.05596,41
50,50,5000000,24.657,4591988,0.9183976,15.8607,6,3550345,0.710069,46.06404,38
51,51,5000000,25.312,4592707,0.9185414,15.83406,5,3551506,0.7103012,46.03002,43
52,52,5000000,24.346,4591941,0.9183882,15.87054,6,3551205,0.710241,46.0723,38
53,53,5000000,23.879,4592511,0.9185022,15.84266,6,3549632,0.7099264,46.09142,35
54,54,5000000,23.906,4593028,0.9186056,15.82134,6,3551492,0.7102984,46.02068,37
55,55,5000000,26.321,4593131,0.9186262,15.8232,5,3549862,0.7099724,46.10026,42
56,56,5000000,26.281,4593060,0.918612,15.82626,5,3548887,0.7097774,46.12138,41
57,57,5000000,25.702,4592959,0.9185918,15.81982,6,3551202,0.7102404,46.0573,42
58,58,5000000,25.651,4592279,0.9184558,15.85326,6,3549469,0.7098938,46.09652,38
59,59,5000000,25.562,4592116,0.9184232,15.8585,6,3548406,0.7096812,46.12678,40
60,60,5000000,25.814,4593855,0.918771,15.7928,6,3550323,0.7100646,46.05916,37
61,61,5000000,26.308,4592605,0.918521,15.83912,6,3549004,0.7098008,46.08732,36
62,62,5000000,24.52,4592801,0.9185602,15.83116,6,3550563,0.7101126,46.07548,42
63,63,5000000,23.79,4591805,0.918361,15.86856,5,3549010,0.709802,46.10092,41
64,64,5000000,23.961,4591955,0.918391,15.86614,6,3551021,0.7102042,46.0459,38
65,65,5000000,23.848,4592581,0.9185162,15.84078,6,3549164,0.7098328,46.10632,36
66,66,5000000,23.811,4592861,0.9185722,15.83352,5,3550753,0.7101506,46.07286,40
67,67,5000000,24.302,4592125,0.918425,15.8626,6,3548530,0.709706,46.10944,41
68,68,5000000,26.151,4593240,0.918648,15.81526,5,3549712,0.7099424,46.0875,36
69,69,5000000,24.858,4592813,0.9185626,15.83102,6,3547920,0.709584,46.14288,39
70,70,5000000,23.914,4592583,0.9185166,15.83892,6,3549186,0.7098372,46.10132,34
71,71,5000000,23.949,4592669,0.9185338,15.84136,5,3550040,0.710008,46.05828,37
72,72,5000000,24.009,4592912,0.9185824,15.82694,6,3548915,0.709783,46.12452,39
73,73,5000000,23.803,4591793,0.9183586,15.8664,5,3551002,0.7102004,46.05434,37
74,74,5000000,22.454,4592451,0.9184902,15.8468,5,3551539,0.7103078,46.0395,38
75,75,5000000,15.159,4593303,0.9186606,15.81232,5,3550364,0.7100728,46.06422,40
76,76,5000000,14.332,4592194,0.9184388,15.85424,6,3552358,0.7104716,46.01954,45
77,77,5000000,14.266,4591529,0.9183058,15.88498,6,3551958,0.7103916,46.03818,37
78,78,5000000,14.341,4592562,0.9185124,15.8445,7,3549136,0.7098272,46.1059,43
79,79,5000000,14.255,4592009,0.9184018,15.86426,6,3549887,0.7099774,46.08486,39
80,80,5000000,14.287,4592488,0.9184976,15.84322,7,3550602,0.7101204,46.07038,41
81,81,5000000,14.219,4593693,0.9187386,15.79764,6,3548539,0.7097078,46.12476,40
82,82,5000000,14.268,4593645,0.918729,15.79866,6,3549752,0.7099504,46.10194,36
83,83,5000000,14.319,4592576,0.9185152,15.84234,6,3549677,0.7099354,46.07504,34
84,84,5000000,14.281,4592410,0.918482,15.85102,6,3549885,0.709977,46.0845,39
85,85,5000000,14.29,4592932,0.9185864,15.82754,6,3550296,0.7100592,46.08228,38
86,86,5000000,14.296,4592740,0.918548,15.83552,6,3549975,0.709995,46.08564,39
87,87,5000000,14.239,4592594,0.9185188,15.83834,5,3550449,0.7100898,46.07656,41
88,88,5000000,14.364,4592520,0.918504,15.84426,6,3550836,0.7101672,46.06096,40
89,89,5000000,14.218,4592503,0.9185006,15.8425,7,3549205,0.709841,46.12694,39
90,90,5000000,14.215,4592634,0.9185268,15.83672,5,3548077,0.7096154,46.10472,42
91,91,5000000,14.208,4592813,0.9185626,15.82946,6,3549373,0.7098746,46.0988,37
92,92,5000000,14.771,4591733,0.9183466,15.8716,6,3550019,0.7100038,46.08968,44
93,93,5000000,14.995,4592551,0.9185102,15.8418,6,3549030,0.709806,46.11468,38
94,94,5000000,15.702,4592349,0.9184698,15.84894,5,3550190,0.710038,46.08618,41
95,95,5000000,15.32,4592015,0.918403,15.85972,6,3549622,0.7099244,46.08474,41
96,96,5000000,15.277,4591851,0.9183702,15.86826,6,3550189,0.7100378,46.08096,36
97,97,5000000,15.354,4593090,0.918618,15.8238,5,3552643,0.7105286,46.02188,40
98,98,5000000,15.288,4592192,0.9184384,15.86236,5,3549203,0.7098406,46.11146,37
99,99,5000000,15.363,4592754,0.9185508,15.8334,5,3549861,0.7099722,46.0791,39
